{"cameraMode":{"drawMode":0,"name":"Shaded","section":"Shading Mode"},"sceneLighting":false,"audioPlay":false,"sceneViewState":{"showFog":true,"showMaterialUpdate":false,"showSkybox":false,"showFlares":true,"showImageEffects":true,"showParticleSystems":true},"in2DMode":false,"pivot":{"x":-1.547907829284668,"y":4.800000190734863,"z":5.710000038146973},"rotation":{"x":-0.043075356632471088,"y":-0.9560441970825195,"z":0.2251719832420349,"w":-0.18286782503128053},"size":8.660256385803223,"orthographic":false}