{"cameraMode":{"drawMode":0,"name":"Shaded","section":"Shading Mode"},"sceneLighting":false,"audioPlay":false,"sceneViewState":{"showFog":true,"showMaterialUpdate":false,"showSkybox":false,"showFlares":true,"showImageEffects":true,"showParticleSystems":true},"in2DMode":false,"pivot":{"x":2.300412893295288,"y":-13.28247356414795,"z":-10.783525466918946},"rotation":{"x":-0.560443103313446,"y":-0.0548161044716835,"z":0.03721341863274574,"w":-0.8255414962768555},"size":22.783842086791993,"orthographic":false}