{"cameraMode":{"drawMode":0,"name":"Shaded","section":"Shading Mode"},"sceneLighting":false,"audioPlay":false,"sceneViewState":{"showFog":true,"showMaterialUpdate":false,"showSkybox":false,"showFlares":true,"showImageEffects":true,"showParticleSystems":true},"in2DMode":false,"pivot":{"x":4.854860305786133,"y":3.006986618041992,"z":-18.003755569458009},"rotation":{"x":0.40403780341148379,"y":-0.0925028994679451,"z":0.04110593721270561,"w":0.9091431498527527},"size":10.0,"orthographic":false}