{"cameraMode":{"drawMode":0,"name":"Shaded","section":"Shading Mode"},"sceneLighting":false,"audioPlay":false,"sceneViewState":{"showFog":true,"showMaterialUpdate":false,"showSkybox":false,"showFlares":true,"showImageEffects":true,"showParticleSystems":true},"in2DMode":false,"pivot":{"x":1.1198450326919556,"y":7.675782680511475,"z":13.226201057434082},"rotation":{"x":0.005163262132555246,"y":0.7495983242988586,"z":-0.6618497967720032,"w":0.005847493186593056},"size":22.783842086791993,"orthographic":false}