{"cameraMode":{"drawMode":0,"name":"Shaded","section":"Shading Mode"},"sceneLighting":false,"audioPlay":false,"sceneViewState":{"showFog":true,"showMaterialUpdate":false,"showSkybox":false,"showFlares":true,"showImageEffects":true,"showParticleSystems":true},"in2DMode":false,"pivot":{"x":1.6190605163574219,"y":-16.836864471435548,"z":26.871803283691408},"rotation":{"x":-0.40382397174835207,"y":0.02112729847431183,"z":-0.009328892454504967,"w":-0.9145479202270508},"size":36.71947479248047,"orthographic":false}